Dataset,Model,Accuracy,Precision,Recall,F1-Score,AUC,LogLoss,Training Time (seconds),Memory Usage (MiB),Conf_Matrix
Real Data,SVM,0.8055555555555556,0.7916666666666666,0.9047619047619048,0.8444444444444444,0.7587301587301587,5.435466774761706,3.7056732177734375,252.87109375,"[[10  5]
 [ 2 19]]"
Real Data,Logistic Regression,0.7777777777777778,0.8095238095238095,0.8095238095238095,0.8095238095238095,0.8126984126984127,0.5146627680264079,0.0699758529663086,271.80859375,"[[11  4]
 [ 4 17]]"
Real Data,Decision Tree,0.8055555555555556,0.8181818181818182,0.8571428571428571,0.8372093023255814,0.807936507936508,3.299010987852729,0.028746843338012695,277.05859375,"[[11  4]
 [ 3 18]]"
Real Data,XGBoost,0.8055555555555556,0.8181818181818182,0.8571428571428571,0.8372093023255814,0.9079365079365079,0.4616277566016465,15.983988523483276,297.046875,"[[11  4]
 [ 3 18]]"
Real Data,Random Forest,0.7222222222222222,0.7619047619047619,0.7619047619047619,0.7619047619047619,0.780952380952381,0.5989828223395748,1.0723872184753418,301.171875,"[[10  5]
 [ 5 16]]"
Real Data,LightGBM,0.8055555555555556,0.8181818181818182,0.8571428571428571,0.8372093023255814,0.8666666666666667,0.44577985838192435,0.02384352684020996,303.64453125,"[[11  4]
 [ 3 18]]"
