dataset name,original size,type width,Dimension,decomposition,chunk no,standard fastlz compressed size (B),decomposed fastlz col-order (B),decomposed fastlz row-order (B),reordered fastlz col-order (B),reordered fastlz row-order (B),standard fastlz ratio,decomposed fastlz col-order ratio,decomposed fastlz row-order ratio,reordered fastlz col-order ratio,reordered fastlz row-order ratio,WE,entropy word,entropy list,max rep,unique ratio
msg_bt_f64,266389424,8,33298678,"( (0,1,2,3,4,), (5,), (6,), (7,), )",-1,251514332,204722489,205753550,204729117,205760035,1.0591421247517616,1.301222085083188,1.2947014717364536,1.30117995868658,1.2946606662464846,7.072143044381139,23.66663103473837,"(7.827040504128003,7.74829579272855,7.3142086273040405,2.3794374143765085,)","(6451,1291,1291,18560,)","(1.5375985797394118e-06,7.68799289869706e-06,7.68799289869706e-06,3.3034344486588926e-07,)"
