dataset name,original size,type width,Dimension,decomposition,chunk no,standard fastlz compressed size (B),decomposed fastlz col-order (B),decomposed fastlz row-order (B),reordered fastlz col-order (B),reordered fastlz row-order (B),standard fastlz ratio,decomposed fastlz col-order ratio,decomposed fastlz row-order ratio,reordered fastlz col-order ratio,reordered fastlz row-order ratio,WE,entropy word,entropy list,max rep,unique ratio
tpcxbb_store_f64,789920920,8,98740115,"( (3,1,2,), (0,), (4,), (6,), (5,), (7,), )",-1,471043743,560891847,711239711,560891987,711236900,1.67695873629299,1.4083301874059866,1.110625444253351,1.408329835883357,1.1106298337445653,4.869332253026488,16.737580058802433,"(4.511941708795059,4.511938173731601,5.0850299249148065,7.339509627507235,7.667878585054632,0.8144765866184515,)","(63,21,16,5,12,50,)","(8.43966338638894e-08,2.531899015916682e-07,2.592664592298682e-06,2.592664592298682e-06,2.592664592298682e-06,5.0637980318333636e-08,)"
