dataset name,original size,type width,Dimension,decomposition,chunk no,standard bz2 compressed size (B),decomposed bz2 col-order (B),decomposed bz2 row-order (B),reordered bz2 col-order (B),reordered bz2 row-order (B),standard bz2 ratio,decomposed bz2 col-order ratio,decomposed bz2 row-order ratio,reordered bz2 col-order ratio,reordered bz2 row-order ratio,WE,entropy word,entropy list,max rep,unique ratio
hst_wfc3_ir_f32,24015308,4,6003827,"( (0,1,), (2,), (3,), )",-1,13621806,11366860,11377664,11390341,11401202,1.7630046999641604,2.112747759715524,2.110741537102871,2.108392365074935,2.1063838707532767,4.889876994383939,15.041785662586301,"(6.1252633873909055,5.982073298937283,1.3269079038166607,)","(48130,24065,24065,)","(2.131973489575899e-05,4.263946979151798e-05,2.1652855753505223e-06,)"
