dataset name,original size,type width,Dimension,decomposition,chunk no,standard bz2 compressed size (B),decomposed bz2 col-order (B),decomposed bz2 row-order (B),reordered bz2 col-order (B),reordered bz2 row-order (B),standard bz2 ratio,decomposed bz2 col-order ratio,decomposed bz2 row-order ratio,reordered bz2 col-order ratio,reordered bz2 row-order ratio,WE,entropy word,entropy list,max rep,unique ratio
hst_wfc3_uvis_f32,108924756,4,27231189,"( (0,1,), (2,), (3,), )",-1,63719051,55641180,55658695,55643564,55661954,1.7094535196388911,1.9576284327543017,1.9570123949187095,1.9575445598703922,1.9568978121033984,5.042772772476182,15.610157432140957,"(5.873658118792151,5.848377653907704,2.5753971984127237,)","(4222826,2111413,2111413,)","(4.700492512464293e-06,9.400985024928585e-06,1.2118457258697003e-06,)"
