dataset name,original size,type width,Dimension,decomposition,chunk no,standard bz2 compressed size (B),decomposed bz2 col-order (B),decomposed bz2 row-order (B),reordered bz2 col-order (B),reordered bz2 row-order (B),standard bz2 ratio,decomposed bz2 col-order ratio,decomposed bz2 row-order ratio,reordered bz2 col-order ratio,reordered bz2 row-order ratio,WE,entropy word,entropy list,max rep,unique ratio
solar_wind_f32,423980532,4,105995133,"( (0,), (1,2,), (3,), )",-1,203030276,258016966,268156113,258041956,268187751,2.0882625998104833,1.643227337228669,1.5810959043846224,1.6430681993435208,1.5809093831433039,5.721930374013265,14.055260454263976,"(4.713662798439065,7.3411752890928055,3.4917081194283854,)","(6,8,12,)","(7.736204265152439e-07,1.2076026169994051e-06,2.2642549068738846e-07,)"
