dataset name,original size,type width,Dimension,decomposition,chunk no,standard rle compressed size (B),decomposed rle col-order (B),decomposed rle row-order (B),reordered rle col-order (B),reordered rle row-order (B),standard rle ratio,decomposed rle col-order ratio,decomposed rle row-order ratio,reordered rle col-order ratio,reordered rle row-order ratio,WE,entropy word,entropy list,max rep,unique ratio
hdr_night_f32,496979108,4,124244777,"( (0,3,), (1,), (2,), )",-1,668688912,671482086,289057846,671482086,289057846,0.7432142197686089,0.7401226605470455,1.7193067577207366,0.7401226605470455,1.7193067577207366,2.7782518236243723,9.003133228991947,"(1.8884911511893265,2.280281367782436e-07,7.336024764090699,)","(119,124244776,59,)","(9.255922283155613e-08,1.609725614461846e-08,2.044351530366544e-06,)"
