dataset name,original size,type width,Dimension,decomposition,chunk no,standard rle compressed size (B),decomposed rle col-order (B),decomposed rle row-order (B),reordered rle col-order (B),reordered rle row-order (B),standard rle ratio,decomposed rle col-order ratio,decomposed rle row-order ratio,reordered rle col-order ratio,reordered rle row-order ratio,WE,entropy word,entropy list,max rep,unique ratio
hst_wfc3_uvis_f32,108924756,4,27231189,"( (0,1,), (2,), (3,), )",-1,134198596,118552330,118562890,118552326,118562886,0.811668372447056,0.9187905121729788,0.9187086785755644,0.9187905431733158,0.9187087095703794,5.042772772476182,15.610157432140957,"(5.873658118792151,5.848377653907704,2.5753971984127237,)","(4222826,2111413,2111413,)","(4.700492512464293e-06,9.400985024928585e-06,1.2118457258697003e-06,)"
