dataset name,original size,type width,Dimension,decomposition,chunk no,standard rle compressed size (B),decomposed rle col-order (B),decomposed rle row-order (B),reordered rle col-order (B),reordered rle row-order (B),standard rle ratio,decomposed rle col-order ratio,decomposed rle row-order ratio,reordered rle col-order ratio,reordered rle row-order ratio,WE,entropy word,entropy list,max rep,unique ratio
spitzer_irac_f32,164989532,4,41247383,"( (0,1,), (2,), (3,), )",-1,312937210,245429700,245434428,245429700,245434428,0.5272288712486444,0.6722476212129176,0.6722346711684638,0.6722476212129176,0.6722346711684638,6.089824527657722,24.994043660228744,"(7.133140549288577,7.111149909267116,2.9818671027866155,)","(1237576,618788,618788,)","(3.103227179285532e-06,6.206454358571064e-06,9.94002455864897e-07,)"
