dataset name,original size,type width,Dimension,decomposition,chunk no,standard zstd compressed size (B),decomposed zstd col-order (B),decomposed zstd row-order (B),reordered zstd col-order (B),reordered zstd row-order (B),standard zstd ratio,decomposed zstd col-order ratio,decomposed zstd row-order ratio,reordered zstd col-order ratio,reordered zstd row-order ratio,WE,entropy word,entropy list,max rep,unique ratio
tpcxbb_store_f64,789920920,8,98740115,"( (3,1,2,), (0,), (4,), (6,), (5,), (7,), )",-1,338524987,391582639,485406695,391601401,485426570,2.333419837041453,2.0172521489135784,1.6273383291509813,2.017155500421716,1.6272717004345272,4.869332253026488,16.737580058802433,"(4.511941708795059,4.511938173731601,5.0850299249148065,7.339509627507235,7.667878585054632,0.8144765866184515,)","(63,21,16,5,12,50,)","(8.43966338638894e-08,2.531899015916682e-07,2.592664592298682e-06,2.592664592298682e-06,2.592664592298682e-06,5.0637980318333636e-08,)"
